index,product_name,price,category,additional_info,title,description,features,keywords
0,Turtle Check Men Navy Blue Shirt,0.0,Apparel,Shirts,Turtle Check Men Navy Blue Casual Shirt,"Elevate your casual wardrobe with the Turtle Check Men Navy Blue Shirt, designed for style and comfort. Crafted from lightweight, breathable fabric, this shirt features a classic navy blue and white checkered pattern that adds a timeless touch to any outfit. Its full button-down front and neatly tailored collar provide a sharp, polished look perfect for both casual outings and semi-formal occasions. The long sleeves with buttoned cuffs offer versatility, allowing you to roll them up for a relaxed vibe or keep them down for a more refined appearance. Whether paired with jeans or chinos, this shirt ensures all-day comfort with a flattering fit and durable stitching. Make a statement effortlessly with this must-have addition to your apparel collection.","['Classic navy blue and white checkered pattern for timeless style', 'Lightweight, breathable fabric ensures all-day comfort', 'Full button-down front with tailored collar for a polished look', 'Long sleeves with buttoned cuffs for versatile wear', 'Durable stitching enhances longevity and quality', 'Flattering fit suitable for casual and semi-formal occasions', 'Easy to pair with jeans, chinos, or casual trousers']","men's navy blue shirt, checkered shirt men, casual men's shirt, button-down shirt, long sleeve shirt, men's check shirt, breathable men's shirt, stylish men's shirt, men's apparel, casual wear, men's fashion shirt, lightweight men's shirt, semi-formal men's shirt, men's shirt with cuffs, comfortable men's shirt"
1,Peter England Men Party Blue Jeans,0.0,Apparel,Jeans,Peter England Men's Blue Party Jeans - Stylish & Comfortable,"Elevate your casual and party wardrobe with the Peter England Men Party Blue Jeans. Crafted from premium denim, these jeans offer a perfect blend of durability and comfort. The rich blue wash adds a trendy vibe, making them ideal for social gatherings, casual outings, and everyday wear. Featuring a slim fit design, these jeans contour to your legs for a modern look while providing ease of movement. The subtle whiskering and fading details enhance the overall aesthetic, giving you a stylish edge. With classic five-pocket styling and sturdy stitching, these jeans are both functional and fashionable, perfect for pairing with your favorite shirts or tees. Step out confidently in jeans designed to keep you comfortable and looking sharp all day long.","['Premium blue denim fabric for durability and comfort', 'Slim fit design that enhances your silhouette', 'Stylish faded and whiskered detailing for a trendy look', 'Classic five-pocket styling for practicality', 'Versatile jeans suitable for parties and casual wear', 'Sturdy stitching ensures long-lasting wear', 'Comfortable waistband with secure closure']","Peter England jeans, men's blue jeans, party jeans, slim fit jeans, casual denim, men's fashion jeans, durable jeans, stylish men's jeans, blue denim pants, comfortable jeans, trendy men's jeans, five-pocket jeans, men's apparel, party wear jeans, everyday jeans"
2,Titan Women Silver Watch,0.0,Accessories,Watches,Titan Women Silver Watch - Elegant Stainless Steel Timepiece,"Elevate your style with the Titan Women Silver Watch, a perfect blend of elegance and functionality. Crafted from high-quality stainless steel, this watch features a sleek silver mesh strap that offers both comfort and durability. The minimalist round dial, adorned with subtle silver-toned hour markers and hands, exudes sophistication and suits any outfit, whether casual or formal. Its lightweight design ensures all-day wear without discomfort, making it an ideal accessory for work, social events, or everyday use. Water-resistant and designed to keep precise time, this watch is as reliable as it is stylish. Add a timeless piece to your accessory collection that complements your graceful personality and enhances your look effortlessly.","['Elegant silver stainless steel mesh strap for comfort and durability', 'Minimalist round dial with clear silver-toned hour markers', 'Lightweight design suitable for all-day wear', 'Precise quartz movement for accurate timekeeping', 'Water-resistant for everyday use', 'Versatile style perfect for casual and formal occasions', 'Durable clasp ensures secure fit on the wrist']","Titan women watch, silver watch for women, stainless steel watch, elegant women's watch, mesh strap watch, minimalist women's watch, quartz movement watch, water-resistant watch, stylish women's accessory, casual watch for women, formal watch for women, lightweight women's watch, durable women's watch, silver timepiece, women's fashion watch"
3,Manchester United Men Solid Black Track Pants,0.0,Apparel,Track Pants,Manchester United Men Black Solid Track Pants,"Experience unmatched comfort and style with the Manchester United Men Solid Black Track Pants. Crafted from soft, breathable fabric, these track pants are perfect for workouts, casual outings, or relaxing at home. Featuring a sleek solid black design with the iconic Manchester United logo on the upper thigh, they showcase your team loyalty with subtle sophistication. The elastic waistband with an adjustable drawstring ensures a secure fit while allowing maximum flexibility and ease of movement. Side pockets provide convenient storage for essentials, making these pants both practical and stylish. Whether you're hitting the gym or running errands, these track pants offer durability and all-day comfort.","['Soft, breathable fabric for ultimate comfort', 'Iconic Manchester United logo for team pride', 'Elastic waistband with adjustable drawstring for a perfect fit', 'Side pockets for convenient storage', 'Solid black color complements any casual look', 'Durable material ideal for workouts and everyday wear', 'Straight leg design for a modern, flattering fit']","Manchester United track pants, men's black track pants, football club apparel, sportswear for men, casual track pants, breathable workout pants, elastic waistband pants, men's athletic wear, soccer fan clothing, side pocket track pants, comfortable men's pants, solid black track pants, gym wear for men, team logo pants, men's sports pants"
4,Puma Men Grey T-shirt,0.0,Apparel,Tshirts,Puma Men Grey Casual T-Shirt - Stylish & Comfortable,"Upgrade your casual wardrobe with the Puma Men Grey T-shirt, designed for everyday comfort and style. Made from soft, breathable fabric, this T-shirt features a sleek, modern fit that contours to your body without feeling restrictive. The subtle grey tone offers versatile styling options, perfect for pairing with jeans or shorts for a relaxed yet polished look. The iconic Puma logo subtly embossed on the chest adds a sporty touch, making it ideal for both casual outings and light workouts. Lightweight and durable, this T-shirt ensures all-day comfort whether you're running errands or meeting friends. Its high-quality stitching and smooth texture provide a premium feel that lasts wash after wash.","['Soft, breathable fabric for all-day comfort', 'Modern slim fit enhances your silhouette', 'Classic grey color for versatile styling', 'Subtle Puma logo adds sporty elegance', 'Durable stitching ensures long-lasting wear', 'Lightweight material ideal for casual and active use', 'Easy to pair with jeans, shorts, or joggers']","Puma T-shirt, men's grey T-shirt, casual men's shirt, breathable men's tee, slim fit T-shirt, sporty men's apparel, lightweight T-shirt, comfortable men's clothing, Puma casual wear, men's summer shirt, stylish men's T-shirt, grey men's top, durable men's tee, everyday men's T-shirt"
5,Inkfruit Mens Chain Reaction T-shirt,0.0,Apparel,Tshirts,Inkfruit Men's Chain Reaction Graphic T-Shirt,"Elevate your casual wardrobe with the Inkfruit Men's Chain Reaction T-shirt, designed for comfort and style. Crafted from soft, breathable fabric, this light gray tee features a bold, eye-catching graphic that adds a dynamic edge to your everyday look. The round neck and short sleeves ensure a classic fit that's perfect for layering or wearing solo during warm days. Whether you're heading out for a casual meet-up, running errands, or just relaxing at home, this t-shirt offers versatile style and all-day comfort. Its modern print design makes it a standout piece that pairs effortlessly with jeans or shorts.","['Soft, lightweight fabric for all-day comfort', 'Distinctive Chain Reaction graphic for a trendy look', 'Classic round neck and short sleeves for a timeless fit', 'Light gray color that pairs well with any outfit', 'Durable print that resists fading after washes', 'Perfect for casual outings, leisure, and everyday wear', 'Easy to style with jeans, shorts, or layered under jackets']","Inkfruit t-shirt, men's graphic tee, casual t-shirt, chain reaction design, light gray t-shirt, comfortable men's shirt, trendy men's apparel, breathable fabric tee, round neck t-shirt, men's summer wear, stylish men's t-shirt, everyday casual shirt, printed men's t-shirt"
6,Fabindia Men Striped Green Shirt,0.0,Apparel,Shirts,Fabindia Men Striped Green Casual Shirt - Stylish & Comfortable,"Elevate your casual wardrobe with the Fabindia Men Striped Green Shirt, designed to combine style and comfort effortlessly. Crafted from soft, breathable fabric, this shirt features a classic green base adorned with subtle vertical stripes that add a touch of sophistication. Its full sleeves and button-down front make it versatile for both office wear and weekend outings. The tailored fit enhances your silhouette while ensuring ease of movement. Perfect for pairing with jeans or chinos, this shirt offers a timeless look that never goes out of fashion. Whether you're heading to a casual meeting or a relaxed evening, this Fabindia shirt provides a smart, polished appearance with unmatched comfort.","['Soft, breathable fabric for all-day comfort', 'Classic green color with subtle vertical stripes', 'Full sleeves with buttoned cuffs for adjustable fit', 'Tailored fit enhances silhouette and style', 'Versatile design suitable for casual and semi-formal occasions', 'Durable stitching ensures long-lasting wear', 'Easy to pair with jeans, chinos, or trousers']","Fabindia shirt, men's green shirt, striped men's shirt, casual men's shirt, breathable fabric shirt, button-down shirt men, full sleeve shirt men, tailored fit shirt, men's fashion shirt, stylish men's shirt, comfortable men's shirt, green striped shirt, casual wear men, men's apparel, Fabindia clothing"
7,Jealous 21 Women Purple Shirt,0.0,Apparel,Shirts,Jealous 21 Women's Purple Stylish Shirt,"Elevate your casual wardrobe with the Jealous 21 Women Purple Shirt, a perfect blend of style and comfort. Crafted from soft, breathable fabric, this shirt features a rich purple hue that adds a pop of color to any outfit. The tailored fit and structured collar create a flattering silhouette, while the short sleeves offer ease of movement, making it ideal for daily wear or casual outings. Whether paired with jeans for a relaxed look or dressed up with accessories for a day at the office, this versatile shirt ensures you stay chic and comfortable all day long. Its smooth texture and clean finish highlight the quality craftsmanship, making it a must-have staple for fashion-forward women.","['Vibrant purple color for a stylish and eye-catching look', 'Soft, breathable fabric ensures all-day comfort', 'Tailored fit with a structured collar for a flattering shape', 'Short sleeves provide ease of movement and casual appeal', 'Versatile design suitable for both casual and semi-formal occasions', 'Smooth texture enhances overall quality and feel', 'Lightweight material perfect for year-round wear']","Jealous 21 shirt, women's purple shirt, casual women's top, breathable fabric shirt, stylish women's apparel, short sleeve shirt, purple blouse for women, comfortable women's shirt, tailored fit shirt, lightweight women's top, versatile women's clothing, summer shirt women, office casual shirt, trendy purple shirt"
8,Puma Men Pack of 3 Socks,0.0,Accessories,Socks,Puma Men's 3-Pack Cushioned Ankle Socks,"Upgrade your everyday comfort with the Puma Men Pack of 3 Socks, designed to keep your feet fresh and supported all day long. This pack features three pairs of ankle-length socks in classic black and dark grey hues, each adorned with the iconic Puma logo for a sporty, stylish touch. Made from a soft, breathable fabric blend, these socks offer excellent moisture-wicking properties and gentle cushioning that reduces foot fatigue. The reinforced heel and toe areas enhance durability, making them ideal for both casual wear and athletic activities. Whether you're hitting the gym, running errands, or just relaxing, these socks deliver the perfect fit and comfort you need to stay on your feet with confidence.","['Pack of 3 pairs in versatile black and grey colors', 'Soft, breathable fabric for all-day moisture control', 'Cushioned sole for enhanced comfort and support', 'Reinforced heel and toe for long-lasting durability', 'Ankle-length design ideal for sports and casual wear', 'Iconic Puma logo adds a sleek, sporty style', 'Elastic arch support ensures a secure fit']","Puma socks, men's ankle socks, cushioned socks, breathable socks, athletic socks, black socks, grey socks, moisture-wicking socks, sport socks, durable socks, casual socks, Puma accessories, men's socks pack, comfortable socks, Puma logo socks"
9,Skagen Men Black Watch,0.0,Accessories,Watches,Skagen Men's Sleek Black Minimalist Watch,"Elevate your everyday style with the Skagen Men Black Watch, a perfect blend of modern minimalism and timeless elegance. Crafted with an all-black stainless steel mesh band, this watch offers both durability and comfort for daily wear. The sleek black dial features subtle, silver-tone hour markers and hands, providing a refined contrast that enhances readability without sacrificing sophistication. Its slim profile and lightweight design make it an ideal accessory for both casual and formal occasions. Whether you're heading to a business meeting or a weekend outing, this watch complements your look effortlessly while showcasing your taste for quality and style.","['Durable all-black stainless steel mesh band for comfort and style', 'Minimalist black dial with silver-tone hour markers and hands', 'Slim, lightweight design perfect for everyday wear', 'Water-resistant for added durability', 'Quartz movement ensures precise timekeeping', 'Versatile design suitable for both casual and formal occasions', 'Easy-to-read dial with a clean, modern aesthetic']","Skagen men's watch, black watch for men, minimalist men's watch, stainless steel mesh watch, quartz men's watch, stylish men's accessories, sleek black watch, durable men's wristwatch, casual men's watch, formal men's watch, lightweight men's watch, modern men's watch, men's black dial watch"
